id,question,option,userId,createdAt
1,Question 1,3,d63adc8d-a5f7-47f9-8817-553fdc1e6a45,2025-03-26 13:04:21.522829
2,Question 2,8,d63adc8d-a5f7-47f9-8817-553fdc1e6a45,2025-03-19 13:04:21.522851
3,Question 3,9,d63adc8d-a5f7-47f9-8817-553fdc1e6a45,2025-03-31 13:04:21.522857
4,Question 4,2,d63adc8d-a5f7-47f9-8817-553fdc1e6a45,2025-03-25 13:04:21.522863
5,Question 5,3,d63adc8d-a5f7-47f9-8817-553fdc1e6a45,2025-03-27 13:04:21.522870
6,Question 6,1,d63adc8d-a5f7-47f9-8817-553fdc1e6a45,2025-03-17 13:04:21.522876
7,Question 7,4,d63adc8d-a5f7-47f9-8817-553fdc1e6a45,2025-04-04 13:04:21.522881
8,Question 8,1,d63adc8d-a5f7-47f9-8817-553fdc1e6a45,2025-03-21 13:04:21.522889
9,Question 1,8,50c9e49a-7aff-4bb2-a4af-c5189e418b4f,2025-04-06 13:04:21.522900
10,Question 2,2,50c9e49a-7aff-4bb2-a4af-c5189e418b4f,2025-03-30 13:04:21.522905
11,Question 3,9,50c9e49a-7aff-4bb2-a4af-c5189e418b4f,2025-03-14 13:04:21.522910
12,Question 4,4,50c9e49a-7aff-4bb2-a4af-c5189e418b4f,2025-04-06 13:04:21.522914
13,Question 5,8,50c9e49a-7aff-4bb2-a4af-c5189e418b4f,2025-03-27 13:04:21.522918
14,Question 6,6,50c9e49a-7aff-4bb2-a4af-c5189e418b4f,2025-03-29 13:04:21.522923
15,Question 7,2,50c9e49a-7aff-4bb2-a4af-c5189e418b4f,2025-03-18 13:04:21.522927
16,Question 8,3,50c9e49a-7aff-4bb2-a4af-c5189e418b4f,2025-03-21 13:04:21.522931
17,Question 1,8,379bdf8f-846d-4bc8-9a6f-edf47957a4b5,2025-03-17 13:04:21.522935
18,Question 2,8,379bdf8f-846d-4bc8-9a6f-edf47957a4b5,2025-03-22 13:04:21.522939
19,Question 3,4,379bdf8f-846d-4bc8-9a6f-edf47957a4b5,2025-04-04 13:04:21.522946
20,Question 4,6,379bdf8f-846d-4bc8-9a6f-edf47957a4b5,2025-03-17 13:04:21.522948
21,Question 5,7,379bdf8f-846d-4bc8-9a6f-edf47957a4b5,2025-03-30 13:04:21.522950
22,Question 6,7,379bdf8f-846d-4bc8-9a6f-edf47957a4b5,2025-04-05 13:04:21.522953
23,Question 7,5,379bdf8f-846d-4bc8-9a6f-edf47957a4b5,2025-03-28 13:04:21.522955
24,Question 8,9,379bdf8f-846d-4bc8-9a6f-edf47957a4b5,2025-04-06 13:04:21.522958
25,Question 1,8,8992c1e3-dcdd-4a27-88d0-7a919114d2b1,2025-03-20 13:04:21.522960
26,Question 2,9,8992c1e3-dcdd-4a27-88d0-7a919114d2b1,2025-03-28 13:04:21.522963
27,Question 3,7,8992c1e3-dcdd-4a27-88d0-7a919114d2b1,2025-03-25 13:04:21.522965
28,Question 4,9,8992c1e3-dcdd-4a27-88d0-7a919114d2b1,2025-04-07 13:04:21.522968
29,Question 5,9,8992c1e3-dcdd-4a27-88d0-7a919114d2b1,2025-03-20 13:04:21.522970
30,Question 6,6,8992c1e3-dcdd-4a27-88d0-7a919114d2b1,2025-04-09 13:04:21.522972
31,Question 7,5,8992c1e3-dcdd-4a27-88d0-7a919114d2b1,2025-04-05 13:04:21.522975
32,Question 8,6,8992c1e3-dcdd-4a27-88d0-7a919114d2b1,2025-03-19 13:04:21.522977
33,Question 1,4,a1687a97-6b51-48c7-8aee-d3a23131ae8c,2025-03-23 13:04:21.522979
34,Question 2,5,a1687a97-6b51-48c7-8aee-d3a23131ae8c,2025-04-12 13:04:21.522982
35,Question 3,6,a1687a97-6b51-48c7-8aee-d3a23131ae8c,2025-04-11 13:04:21.522985
36,Question 4,5,a1687a97-6b51-48c7-8aee-d3a23131ae8c,2025-04-06 13:04:21.522987
37,Question 5,3,a1687a97-6b51-48c7-8aee-d3a23131ae8c,2025-03-25 13:04:21.522990
38,Question 6,2,a1687a97-6b51-48c7-8aee-d3a23131ae8c,2025-03-27 13:04:21.522992
39,Question 7,1,a1687a97-6b51-48c7-8aee-d3a23131ae8c,2025-03-15 13:04:21.522995
40,Question 8,9,a1687a97-6b51-48c7-8aee-d3a23131ae8c,2025-03-20 13:04:21.522998
41,Question 1,3,e650adfe-b9d7-4466-b12d-f0ca68a9d0cf,2025-03-26 13:04:21.523000
42,Question 2,7,e650adfe-b9d7-4466-b12d-f0ca68a9d0cf,2025-04-06 13:04:21.523003
43,Question 3,1,e650adfe-b9d7-4466-b12d-f0ca68a9d0cf,2025-03-21 13:04:21.523005
44,Question 4,7,e650adfe-b9d7-4466-b12d-f0ca68a9d0cf,2025-04-10 13:04:21.523007
45,Question 5,1,e650adfe-b9d7-4466-b12d-f0ca68a9d0cf,2025-03-24 13:04:21.523010
46,Question 6,8,e650adfe-b9d7-4466-b12d-f0ca68a9d0cf,2025-03-14 13:04:21.523012
47,Question 7,1,e650adfe-b9d7-4466-b12d-f0ca68a9d0cf,2025-04-03 13:04:21.523014
48,Question 8,3,e650adfe-b9d7-4466-b12d-f0ca68a9d0cf,2025-03-17 13:04:21.523016
49,Question 1,2,0986090b-d361-46d4-b174-e7f7dee2c1f6,2025-03-19 13:04:21.523019
50,Question 2,3,0986090b-d361-46d4-b174-e7f7dee2c1f6,2025-03-17 13:04:21.523021
51,Question 3,4,0986090b-d361-46d4-b174-e7f7dee2c1f6,2025-04-12 13:04:21.523023
52,Question 4,8,0986090b-d361-46d4-b174-e7f7dee2c1f6,2025-03-21 13:04:21.523025
53,Question 5,3,0986090b-d361-46d4-b174-e7f7dee2c1f6,2025-04-05 13:04:21.523028
54,Question 6,3,0986090b-d361-46d4-b174-e7f7dee2c1f6,2025-03-28 13:04:21.523030
55,Question 7,4,0986090b-d361-46d4-b174-e7f7dee2c1f6,2025-03-23 13:04:21.523033
56,Question 8,3,0986090b-d361-46d4-b174-e7f7dee2c1f6,2025-04-05 13:04:21.523035
57,Question 1,7,992a439e-375c-471f-a02c-f1bba3b2a7e9,2025-03-17 13:04:21.523037
58,Question 2,1,992a439e-375c-471f-a02c-f1bba3b2a7e9,2025-03-15 13:04:21.523039
59,Question 3,1,992a439e-375c-471f-a02c-f1bba3b2a7e9,2025-03-17 13:04:21.523042
60,Question 4,3,992a439e-375c-471f-a02c-f1bba3b2a7e9,2025-03-21 13:04:21.523044
61,Question 5,4,992a439e-375c-471f-a02c-f1bba3b2a7e9,2025-03-24 13:04:21.523046
62,Question 6,2,992a439e-375c-471f-a02c-f1bba3b2a7e9,2025-04-04 13:04:21.523048
63,Question 7,6,992a439e-375c-471f-a02c-f1bba3b2a7e9,2025-03-23 13:04:21.523051
64,Question 8,8,992a439e-375c-471f-a02c-f1bba3b2a7e9,2025-03-15 13:04:21.523053
65,Question 1,7,5c01113a-83fa-45ec-a16c-4b526c783a4f,2025-03-18 13:04:21.523055
66,Question 2,2,5c01113a-83fa-45ec-a16c-4b526c783a4f,2025-03-24 13:04:21.523059
67,Question 3,5,5c01113a-83fa-45ec-a16c-4b526c783a4f,2025-04-07 13:04:21.523061
68,Question 4,6,5c01113a-83fa-45ec-a16c-4b526c783a4f,2025-03-16 13:04:21.523063
69,Question 5,2,5c01113a-83fa-45ec-a16c-4b526c783a4f,2025-04-09 13:04:21.523066
70,Question 6,8,5c01113a-83fa-45ec-a16c-4b526c783a4f,2025-03-24 13:04:21.523068
71,Question 7,9,5c01113a-83fa-45ec-a16c-4b526c783a4f,2025-03-21 13:04:21.523070
72,Question 8,8,5c01113a-83fa-45ec-a16c-4b526c783a4f,2025-04-02 13:04:21.523073
73,Question 1,6,c345e635-b61a-4a5d-bcff-af6c161c0c31,2025-04-06 13:04:21.523075
74,Question 2,5,c345e635-b61a-4a5d-bcff-af6c161c0c31,2025-04-11 13:04:21.523077
75,Question 3,5,c345e635-b61a-4a5d-bcff-af6c161c0c31,2025-03-18 13:04:21.523080
76,Question 4,1,c345e635-b61a-4a5d-bcff-af6c161c0c31,2025-04-07 13:04:21.523082
77,Question 5,6,c345e635-b61a-4a5d-bcff-af6c161c0c31,2025-03-19 13:04:21.523084
78,Question 6,8,c345e635-b61a-4a5d-bcff-af6c161c0c31,2025-03-31 13:04:21.523087
79,Question 7,8,c345e635-b61a-4a5d-bcff-af6c161c0c31,2025-04-12 13:04:21.523089
80,Question 8,6,c345e635-b61a-4a5d-bcff-af6c161c0c31,2025-03-29 13:04:21.523091
81,Question 1,8,adde4466-69fe-49e0-a3b7-71bc8dbc950f,2025-04-01 13:04:21.523094
82,Question 2,7,adde4466-69fe-49e0-a3b7-71bc8dbc950f,2025-04-01 13:04:21.523096
83,Question 3,6,adde4466-69fe-49e0-a3b7-71bc8dbc950f,2025-03-16 13:04:21.523098
84,Question 4,6,adde4466-69fe-49e0-a3b7-71bc8dbc950f,2025-03-18 13:04:21.523100
85,Question 5,5,adde4466-69fe-49e0-a3b7-71bc8dbc950f,2025-03-31 13:04:21.523102
86,Question 6,2,adde4466-69fe-49e0-a3b7-71bc8dbc950f,2025-03-15 13:04:21.523105
87,Question 7,1,adde4466-69fe-49e0-a3b7-71bc8dbc950f,2025-03-17 13:04:21.523107
88,Question 8,7,adde4466-69fe-49e0-a3b7-71bc8dbc950f,2025-04-10 13:04:21.523109
89,Question 1,5,a55ed360-789f-4f6c-ba15-b6a0650f2252,2025-04-04 13:04:21.523112
90,Question 2,3,a55ed360-789f-4f6c-ba15-b6a0650f2252,2025-03-25 13:04:21.523114
91,Question 3,1,a55ed360-789f-4f6c-ba15-b6a0650f2252,2025-03-18 13:04:21.523116
92,Question 4,1,a55ed360-789f-4f6c-ba15-b6a0650f2252,2025-04-01 13:04:21.523118
93,Question 5,4,a55ed360-789f-4f6c-ba15-b6a0650f2252,2025-03-20 13:04:21.523120
94,Question 6,4,a55ed360-789f-4f6c-ba15-b6a0650f2252,2025-04-03 13:04:21.523123
95,Question 7,1,a55ed360-789f-4f6c-ba15-b6a0650f2252,2025-04-05 13:04:21.523125
96,Question 8,4,a55ed360-789f-4f6c-ba15-b6a0650f2252,2025-03-20 13:04:21.523127
97,Question 1,6,c5a3950a-6e42-49ca-9567-8d5f4a52ad71,2025-03-16 13:04:21.523130
98,Question 2,9,c5a3950a-6e42-49ca-9567-8d5f4a52ad71,2025-03-17 13:04:21.523133
99,Question 3,8,c5a3950a-6e42-49ca-9567-8d5f4a52ad71,2025-04-07 13:04:21.523135
100,Question 4,8,c5a3950a-6e42-49ca-9567-8d5f4a52ad71,2025-03-26 13:04:21.523137
101,Question 5,1,c5a3950a-6e42-49ca-9567-8d5f4a52ad71,2025-03-29 13:04:21.523140
102,Question 6,3,c5a3950a-6e42-49ca-9567-8d5f4a52ad71,2025-04-06 13:04:21.523142
103,Question 7,8,c5a3950a-6e42-49ca-9567-8d5f4a52ad71,2025-04-03 13:04:21.523145
104,Question 8,3,c5a3950a-6e42-49ca-9567-8d5f4a52ad71,2025-04-12 13:04:21.523151
105,Question 1,3,34845851-ccf6-4f30-b385-0c491658be96,2025-03-22 13:04:21.523156
106,Question 2,2,34845851-ccf6-4f30-b385-0c491658be96,2025-03-15 13:04:21.523160
107,Question 3,6,34845851-ccf6-4f30-b385-0c491658be96,2025-04-12 13:04:21.523164
108,Question 4,8,34845851-ccf6-4f30-b385-0c491658be96,2025-03-25 13:04:21.523168
109,Question 5,1,34845851-ccf6-4f30-b385-0c491658be96,2025-04-10 13:04:21.523172
110,Question 6,1,34845851-ccf6-4f30-b385-0c491658be96,2025-04-02 13:04:21.523177
111,Question 7,1,34845851-ccf6-4f30-b385-0c491658be96,2025-03-25 13:04:21.523180
112,Question 8,9,34845851-ccf6-4f30-b385-0c491658be96,2025-04-09 13:04:21.523184
113,Question 1,3,7325de34-f023-4d9f-95b4-f7e30ab1cd8c,2025-04-08 13:04:21.523189
114,Question 2,2,7325de34-f023-4d9f-95b4-f7e30ab1cd8c,2025-04-09 13:04:21.523192
115,Question 3,3,7325de34-f023-4d9f-95b4-f7e30ab1cd8c,2025-03-30 13:04:21.523197
116,Question 4,5,7325de34-f023-4d9f-95b4-f7e30ab1cd8c,2025-04-01 13:04:21.523201
117,Question 5,3,7325de34-f023-4d9f-95b4-f7e30ab1cd8c,2025-03-25 13:04:21.523206
118,Question 6,2,7325de34-f023-4d9f-95b4-f7e30ab1cd8c,2025-03-17 13:04:21.523211
119,Question 7,9,7325de34-f023-4d9f-95b4-f7e30ab1cd8c,2025-03-30 13:04:21.523216
120,Question 8,2,7325de34-f023-4d9f-95b4-f7e30ab1cd8c,2025-03-16 13:04:21.523220
121,Question 1,7,6706497e-ea02-48e3-83dc-8a60b8dca147,2025-03-26 13:04:21.523225
122,Question 2,8,6706497e-ea02-48e3-83dc-8a60b8dca147,2025-03-28 13:04:21.523229
123,Question 3,2,6706497e-ea02-48e3-83dc-8a60b8dca147,2025-03-24 13:04:21.523233
124,Question 4,1,6706497e-ea02-48e3-83dc-8a60b8dca147,2025-03-21 13:04:21.523237
125,Question 5,4,6706497e-ea02-48e3-83dc-8a60b8dca147,2025-04-08 13:04:21.523242
126,Question 6,6,6706497e-ea02-48e3-83dc-8a60b8dca147,2025-03-21 13:04:21.523246
127,Question 7,4,6706497e-ea02-48e3-83dc-8a60b8dca147,2025-03-16 13:04:21.523250
128,Question 8,3,6706497e-ea02-48e3-83dc-8a60b8dca147,2025-03-21 13:04:21.523254
129,Question 1,9,715775cd-1f5a-42e8-973a-61080e2a0f69,2025-04-01 13:04:21.523259
130,Question 2,6,715775cd-1f5a-42e8-973a-61080e2a0f69,2025-03-24 13:04:21.523264
131,Question 3,2,715775cd-1f5a-42e8-973a-61080e2a0f69,2025-04-07 13:04:21.523268
132,Question 4,5,715775cd-1f5a-42e8-973a-61080e2a0f69,2025-04-04 13:04:21.523272
133,Question 5,6,715775cd-1f5a-42e8-973a-61080e2a0f69,2025-03-19 13:04:21.523276
134,Question 6,5,715775cd-1f5a-42e8-973a-61080e2a0f69,2025-04-03 13:04:21.523280
135,Question 7,7,715775cd-1f5a-42e8-973a-61080e2a0f69,2025-04-09 13:04:21.523284
136,Question 8,6,715775cd-1f5a-42e8-973a-61080e2a0f69,2025-03-18 13:04:21.523290
137,Question 1,1,059f1529-669b-4f38-adf4-8675a3bfb6d8,2025-03-17 13:04:21.523294
138,Question 2,1,059f1529-669b-4f38-adf4-8675a3bfb6d8,2025-03-18 13:04:21.523298
139,Question 3,2,059f1529-669b-4f38-adf4-8675a3bfb6d8,2025-03-19 13:04:21.523303
140,Question 4,6,059f1529-669b-4f38-adf4-8675a3bfb6d8,2025-03-27 13:04:21.523307
141,Question 5,6,059f1529-669b-4f38-adf4-8675a3bfb6d8,2025-03-29 13:04:21.523311
142,Question 6,1,059f1529-669b-4f38-adf4-8675a3bfb6d8,2025-03-27 13:04:21.523315
143,Question 7,4,059f1529-669b-4f38-adf4-8675a3bfb6d8,2025-04-01 13:04:21.523319
144,Question 8,3,059f1529-669b-4f38-adf4-8675a3bfb6d8,2025-04-10 13:04:21.523323
145,Question 1,1,3d6d86d1-b463-47ee-8851-6cf6ae142e2c,2025-04-07 13:04:21.523328
146,Question 2,2,3d6d86d1-b463-47ee-8851-6cf6ae142e2c,2025-03-20 13:04:21.523332
147,Question 3,1,3d6d86d1-b463-47ee-8851-6cf6ae142e2c,2025-03-16 13:04:21.523336
148,Question 4,4,3d6d86d1-b463-47ee-8851-6cf6ae142e2c,2025-04-04 13:04:21.523340
149,Question 5,7,3d6d86d1-b463-47ee-8851-6cf6ae142e2c,2025-04-10 13:04:21.523344
150,Question 6,3,3d6d86d1-b463-47ee-8851-6cf6ae142e2c,2025-03-20 13:04:21.523349
151,Question 7,5,3d6d86d1-b463-47ee-8851-6cf6ae142e2c,2025-03-24 13:04:21.523353
152,Question 8,1,3d6d86d1-b463-47ee-8851-6cf6ae142e2c,2025-03-30 13:04:21.523357
153,Question 1,5,4561cc6e-d210-4d7a-a1ad-5d5c30dc3cf2,2025-04-09 13:04:21.523361
154,Question 2,1,4561cc6e-d210-4d7a-a1ad-5d5c30dc3cf2,2025-03-23 13:04:21.523365
155,Question 3,2,4561cc6e-d210-4d7a-a1ad-5d5c30dc3cf2,2025-04-11 13:04:21.523369
156,Question 4,6,4561cc6e-d210-4d7a-a1ad-5d5c30dc3cf2,2025-04-03 13:04:21.523374
157,Question 5,8,4561cc6e-d210-4d7a-a1ad-5d5c30dc3cf2,2025-03-19 13:04:21.523378
158,Question 6,1,4561cc6e-d210-4d7a-a1ad-5d5c30dc3cf2,2025-04-05 13:04:21.523382
159,Question 7,4,4561cc6e-d210-4d7a-a1ad-5d5c30dc3cf2,2025-03-19 13:04:21.523386
160,Question 8,9,4561cc6e-d210-4d7a-a1ad-5d5c30dc3cf2,2025-03-31 13:04:21.523390
161,Question 1,2,7d6f4f87-c9a0-4972-acd6-8b6bfe6c9d25,2025-03-14 13:04:21.523395
162,Question 2,6,7d6f4f87-c9a0-4972-acd6-8b6bfe6c9d25,2025-03-18 13:04:21.523401
163,Question 3,5,7d6f4f87-c9a0-4972-acd6-8b6bfe6c9d25,2025-04-03 13:04:21.523405
164,Question 4,9,7d6f4f87-c9a0-4972-acd6-8b6bfe6c9d25,2025-04-04 13:04:21.523409
165,Question 5,1,7d6f4f87-c9a0-4972-acd6-8b6bfe6c9d25,2025-03-17 13:04:21.523414
166,Question 6,9,7d6f4f87-c9a0-4972-acd6-8b6bfe6c9d25,2025-04-07 13:04:21.523417
167,Question 7,3,7d6f4f87-c9a0-4972-acd6-8b6bfe6c9d25,2025-04-02 13:04:21.523422
168,Question 8,1,7d6f4f87-c9a0-4972-acd6-8b6bfe6c9d25,2025-03-26 13:04:21.523427
169,Question 1,2,c4811ec4-32f0-43d5-9ece-4d73bbad0201,2025-04-08 13:04:21.523431
170,Question 2,7,c4811ec4-32f0-43d5-9ece-4d73bbad0201,2025-04-06 13:04:21.523435
171,Question 3,5,c4811ec4-32f0-43d5-9ece-4d73bbad0201,2025-03-14 13:04:21.523439
172,Question 4,4,c4811ec4-32f0-43d5-9ece-4d73bbad0201,2025-03-15 13:04:21.523443
173,Question 5,8,c4811ec4-32f0-43d5-9ece-4d73bbad0201,2025-03-16 13:04:21.523447
174,Question 6,8,c4811ec4-32f0-43d5-9ece-4d73bbad0201,2025-04-02 13:04:21.523452
175,Question 7,8,c4811ec4-32f0-43d5-9ece-4d73bbad0201,2025-03-31 13:04:21.523456
176,Question 8,2,c4811ec4-32f0-43d5-9ece-4d73bbad0201,2025-04-10 13:04:21.523461
177,Question 1,9,46d15ade-7dbc-4d2f-b5b4-0ec7eeffa133,2025-04-04 13:04:21.523465
178,Question 2,1,46d15ade-7dbc-4d2f-b5b4-0ec7eeffa133,2025-03-14 13:04:21.523469
179,Question 3,5,46d15ade-7dbc-4d2f-b5b4-0ec7eeffa133,2025-04-04 13:04:21.523473
180,Question 4,4,46d15ade-7dbc-4d2f-b5b4-0ec7eeffa133,2025-04-05 13:04:21.523478
181,Question 5,1,46d15ade-7dbc-4d2f-b5b4-0ec7eeffa133,2025-03-21 13:04:21.523482
182,Question 6,8,46d15ade-7dbc-4d2f-b5b4-0ec7eeffa133,2025-04-08 13:04:21.523486
183,Question 7,4,46d15ade-7dbc-4d2f-b5b4-0ec7eeffa133,2025-04-10 13:04:21.523490
184,Question 8,9,46d15ade-7dbc-4d2f-b5b4-0ec7eeffa133,2025-03-24 13:04:21.523494
185,Question 1,3,2cd22cc8-a74f-4818-86d3-cb5fd1e41e36,2025-04-08 13:04:21.523499
186,Question 2,2,2cd22cc8-a74f-4818-86d3-cb5fd1e41e36,2025-03-17 13:04:21.523503
187,Question 3,4,2cd22cc8-a74f-4818-86d3-cb5fd1e41e36,2025-03-31 13:04:21.523507
188,Question 4,6,2cd22cc8-a74f-4818-86d3-cb5fd1e41e36,2025-03-19 13:04:21.523512
189,Question 5,2,2cd22cc8-a74f-4818-86d3-cb5fd1e41e36,2025-04-04 13:04:21.523516
190,Question 6,6,2cd22cc8-a74f-4818-86d3-cb5fd1e41e36,2025-04-07 13:04:21.523520
191,Question 7,8,2cd22cc8-a74f-4818-86d3-cb5fd1e41e36,2025-03-21 13:04:21.523525
192,Question 8,8,2cd22cc8-a74f-4818-86d3-cb5fd1e41e36,2025-03-16 13:04:21.523529
193,Question 1,8,0ad458c9-f193-4a40-af8d-45110337305f,2025-03-22 13:04:21.523534
194,Question 2,8,0ad458c9-f193-4a40-af8d-45110337305f,2025-04-12 13:04:21.523539
195,Question 3,1,0ad458c9-f193-4a40-af8d-45110337305f,2025-03-16 13:04:21.523544
196,Question 4,9,0ad458c9-f193-4a40-af8d-45110337305f,2025-03-21 13:04:21.523549
197,Question 5,7,0ad458c9-f193-4a40-af8d-45110337305f,2025-04-01 13:04:21.523554
198,Question 6,4,0ad458c9-f193-4a40-af8d-45110337305f,2025-03-24 13:04:21.523559
199,Question 7,1,0ad458c9-f193-4a40-af8d-45110337305f,2025-03-28 13:04:21.523563
200,Question 8,6,0ad458c9-f193-4a40-af8d-45110337305f,2025-04-09 13:04:21.523569
201,Question 1,2,12843cc4-7dbf-41c4-bd3c-730e0f7a0e52,2025-03-23 13:04:21.523573
202,Question 2,3,12843cc4-7dbf-41c4-bd3c-730e0f7a0e52,2025-04-07 13:04:21.523578
203,Question 3,7,12843cc4-7dbf-41c4-bd3c-730e0f7a0e52,2025-03-31 13:04:21.523582
204,Question 4,2,12843cc4-7dbf-41c4-bd3c-730e0f7a0e52,2025-04-09 13:04:21.523584
205,Question 5,4,12843cc4-7dbf-41c4-bd3c-730e0f7a0e52,2025-04-12 13:04:21.523587
206,Question 6,4,12843cc4-7dbf-41c4-bd3c-730e0f7a0e52,2025-03-25 13:04:21.523589
207,Question 7,2,12843cc4-7dbf-41c4-bd3c-730e0f7a0e52,2025-03-31 13:04:21.523592
208,Question 8,9,12843cc4-7dbf-41c4-bd3c-730e0f7a0e52,2025-04-11 13:04:21.523594
209,Question 1,4,7096156b-4bf3-4a13-9e85-56475d4ae710,2025-04-12 13:04:21.523596
210,Question 2,1,7096156b-4bf3-4a13-9e85-56475d4ae710,2025-04-03 13:04:21.523599
211,Question 3,5,7096156b-4bf3-4a13-9e85-56475d4ae710,2025-03-30 13:04:21.523601
212,Question 4,1,7096156b-4bf3-4a13-9e85-56475d4ae710,2025-04-05 13:04:21.523603
213,Question 5,1,7096156b-4bf3-4a13-9e85-56475d4ae710,2025-03-29 13:04:21.523605
214,Question 6,6,7096156b-4bf3-4a13-9e85-56475d4ae710,2025-04-04 13:04:21.523608
215,Question 7,8,7096156b-4bf3-4a13-9e85-56475d4ae710,2025-04-10 13:04:21.523610
216,Question 8,3,7096156b-4bf3-4a13-9e85-56475d4ae710,2025-04-08 13:04:21.523613
217,Question 1,7,18db74dd-8542-4307-881d-a7daabb99b2a,2025-03-19 13:04:21.523615
218,Question 2,3,18db74dd-8542-4307-881d-a7daabb99b2a,2025-03-17 13:04:21.523618
219,Question 3,3,18db74dd-8542-4307-881d-a7daabb99b2a,2025-04-02 13:04:21.523620
220,Question 4,1,18db74dd-8542-4307-881d-a7daabb99b2a,2025-03-17 13:04:21.523622
221,Question 5,9,18db74dd-8542-4307-881d-a7daabb99b2a,2025-04-01 13:04:21.523625
222,Question 6,4,18db74dd-8542-4307-881d-a7daabb99b2a,2025-03-18 13:04:21.523627
223,Question 7,8,18db74dd-8542-4307-881d-a7daabb99b2a,2025-03-22 13:04:21.523629
224,Question 8,3,18db74dd-8542-4307-881d-a7daabb99b2a,2025-03-24 13:04:21.523631
225,Question 1,7,d1561e4b-1cd1-4244-9a18-b2fb0e3058d7,2025-03-15 13:04:21.523634
226,Question 2,4,d1561e4b-1cd1-4244-9a18-b2fb0e3058d7,2025-03-23 13:04:21.523637
227,Question 3,1,d1561e4b-1cd1-4244-9a18-b2fb0e3058d7,2025-04-08 13:04:21.523639
228,Question 4,2,d1561e4b-1cd1-4244-9a18-b2fb0e3058d7,2025-04-10 13:04:21.523642
229,Question 5,3,d1561e4b-1cd1-4244-9a18-b2fb0e3058d7,2025-03-17 13:04:21.523644
230,Question 6,8,d1561e4b-1cd1-4244-9a18-b2fb0e3058d7,2025-03-15 13:04:21.523646
231,Question 7,6,d1561e4b-1cd1-4244-9a18-b2fb0e3058d7,2025-04-04 13:04:21.523648
232,Question 8,2,d1561e4b-1cd1-4244-9a18-b2fb0e3058d7,2025-03-15 13:04:21.523652
233,Question 1,1,3d33a167-ce94-455f-a085-67471bb83e48,2025-04-03 13:04:21.523654
234,Question 2,5,3d33a167-ce94-455f-a085-67471bb83e48,2025-04-01 13:04:21.523657
235,Question 3,3,3d33a167-ce94-455f-a085-67471bb83e48,2025-04-11 13:04:21.523659
236,Question 4,5,3d33a167-ce94-455f-a085-67471bb83e48,2025-03-14 13:04:21.523661
237,Question 5,5,3d33a167-ce94-455f-a085-67471bb83e48,2025-04-05 13:04:21.523664
238,Question 6,6,3d33a167-ce94-455f-a085-67471bb83e48,2025-04-12 13:04:21.523666
239,Question 7,8,3d33a167-ce94-455f-a085-67471bb83e48,2025-03-14 13:04:21.523668
240,Question 8,2,3d33a167-ce94-455f-a085-67471bb83e48,2025-03-27 13:04:21.523670
241,Question 1,9,867c66c5-6772-4c31-bec3-2e7769a5eac3,2025-03-26 13:04:21.523673
242,Question 2,4,867c66c5-6772-4c31-bec3-2e7769a5eac3,2025-03-24 13:04:21.523675
243,Question 3,4,867c66c5-6772-4c31-bec3-2e7769a5eac3,2025-04-06 13:04:21.523677
244,Question 4,5,867c66c5-6772-4c31-bec3-2e7769a5eac3,2025-04-08 13:04:21.523679
245,Question 5,7,867c66c5-6772-4c31-bec3-2e7769a5eac3,2025-03-31 13:04:21.523682
246,Question 6,7,867c66c5-6772-4c31-bec3-2e7769a5eac3,2025-04-10 13:04:21.523684
247,Question 7,2,867c66c5-6772-4c31-bec3-2e7769a5eac3,2025-03-17 13:04:21.523686
248,Question 8,9,867c66c5-6772-4c31-bec3-2e7769a5eac3,2025-03-31 13:04:21.523688
249,Question 1,9,251c72e0-4532-4534-9452-95754a20e089,2025-03-25 13:04:21.523690
250,Question 2,4,251c72e0-4532-4534-9452-95754a20e089,2025-03-28 13:04:21.523693
251,Question 3,1,251c72e0-4532-4534-9452-95754a20e089,2025-04-02 13:04:21.523695
252,Question 4,1,251c72e0-4532-4534-9452-95754a20e089,2025-03-31 13:04:21.523697
253,Question 5,5,251c72e0-4532-4534-9452-95754a20e089,2025-03-16 13:04:21.523699
254,Question 6,6,251c72e0-4532-4534-9452-95754a20e089,2025-03-29 13:04:21.523701
255,Question 7,4,251c72e0-4532-4534-9452-95754a20e089,2025-03-24 13:04:21.523704
256,Question 8,9,251c72e0-4532-4534-9452-95754a20e089,2025-04-11 13:04:21.523706
257,Question 1,8,6981082a-d8a3-49b4-a2da-64003b7c683f,2025-04-10 13:04:21.523709
258,Question 2,6,6981082a-d8a3-49b4-a2da-64003b7c683f,2025-03-20 13:04:21.523712
259,Question 3,7,6981082a-d8a3-49b4-a2da-64003b7c683f,2025-03-19 13:04:21.523714
260,Question 4,2,6981082a-d8a3-49b4-a2da-64003b7c683f,2025-03-18 13:04:21.523716
261,Question 5,7,6981082a-d8a3-49b4-a2da-64003b7c683f,2025-03-17 13:04:21.523719
262,Question 6,1,6981082a-d8a3-49b4-a2da-64003b7c683f,2025-03-16 13:04:21.523721
263,Question 7,7,6981082a-d8a3-49b4-a2da-64003b7c683f,2025-03-30 13:04:21.523725
264,Question 8,1,6981082a-d8a3-49b4-a2da-64003b7c683f,2025-03-18 13:04:21.523729
265,Question 1,1,1d6168aa-a8d6-47d3-94cb-3c7ca3b9282e,2025-04-11 13:04:21.523734
266,Question 2,3,1d6168aa-a8d6-47d3-94cb-3c7ca3b9282e,2025-03-17 13:04:21.523738
267,Question 3,2,1d6168aa-a8d6-47d3-94cb-3c7ca3b9282e,2025-04-01 13:04:21.523741
268,Question 4,4,1d6168aa-a8d6-47d3-94cb-3c7ca3b9282e,2025-04-03 13:04:21.523745
269,Question 5,5,1d6168aa-a8d6-47d3-94cb-3c7ca3b9282e,2025-03-15 13:04:21.523751
270,Question 6,5,1d6168aa-a8d6-47d3-94cb-3c7ca3b9282e,2025-03-27 13:04:21.523755
271,Question 7,3,1d6168aa-a8d6-47d3-94cb-3c7ca3b9282e,2025-03-21 13:04:21.523759
272,Question 8,6,1d6168aa-a8d6-47d3-94cb-3c7ca3b9282e,2025-03-24 13:04:21.523763
273,Question 1,9,01b7b7f3-8a20-4563-a680-f802135c1e78,2025-04-07 13:04:21.523768
274,Question 2,9,01b7b7f3-8a20-4563-a680-f802135c1e78,2025-04-05 13:04:21.523772
275,Question 3,9,01b7b7f3-8a20-4563-a680-f802135c1e78,2025-03-23 13:04:21.523777
276,Question 4,1,01b7b7f3-8a20-4563-a680-f802135c1e78,2025-03-20 13:04:21.523887
277,Question 5,3,01b7b7f3-8a20-4563-a680-f802135c1e78,2025-04-06 13:04:21.523894
278,Question 6,8,01b7b7f3-8a20-4563-a680-f802135c1e78,2025-03-14 13:04:21.523898
279,Question 7,3,01b7b7f3-8a20-4563-a680-f802135c1e78,2025-04-11 13:04:21.523902
280,Question 8,1,01b7b7f3-8a20-4563-a680-f802135c1e78,2025-03-25 13:04:21.523907
281,Question 1,3,8323b963-4c5b-4e2c-8a73-36404a98b47b,2025-03-17 13:04:21.523911
282,Question 2,7,8323b963-4c5b-4e2c-8a73-36404a98b47b,2025-04-10 13:04:21.523916
283,Question 3,2,8323b963-4c5b-4e2c-8a73-36404a98b47b,2025-03-26 13:04:21.523920
284,Question 4,4,8323b963-4c5b-4e2c-8a73-36404a98b47b,2025-03-19 13:04:21.523924
285,Question 5,2,8323b963-4c5b-4e2c-8a73-36404a98b47b,2025-04-12 13:04:21.523928
286,Question 6,2,8323b963-4c5b-4e2c-8a73-36404a98b47b,2025-04-02 13:04:21.523932
287,Question 7,7,8323b963-4c5b-4e2c-8a73-36404a98b47b,2025-03-26 13:04:21.523937
288,Question 8,6,8323b963-4c5b-4e2c-8a73-36404a98b47b,2025-04-03 13:04:21.523941
289,Question 1,3,f0b83ce8-2a6d-4006-8548-cbf28d850713,2025-03-21 13:04:21.523945
290,Question 2,7,f0b83ce8-2a6d-4006-8548-cbf28d850713,2025-04-04 13:04:21.523952
291,Question 3,4,f0b83ce8-2a6d-4006-8548-cbf28d850713,2025-04-12 13:04:21.523956
292,Question 4,4,f0b83ce8-2a6d-4006-8548-cbf28d850713,2025-04-06 13:04:21.523960
293,Question 5,7,f0b83ce8-2a6d-4006-8548-cbf28d850713,2025-03-20 13:04:21.523965
294,Question 6,7,f0b83ce8-2a6d-4006-8548-cbf28d850713,2025-04-03 13:04:21.523969
295,Question 7,4,f0b83ce8-2a6d-4006-8548-cbf28d850713,2025-03-29 13:04:21.523973
296,Question 8,2,f0b83ce8-2a6d-4006-8548-cbf28d850713,2025-03-16 13:04:21.523979
297,Question 1,4,7fc22d12-3252-47b3-bd2f-f9d52fa1ba41,2025-03-30 13:04:21.523984
298,Question 2,8,7fc22d12-3252-47b3-bd2f-f9d52fa1ba41,2025-03-25 13:04:21.523988
299,Question 3,1,7fc22d12-3252-47b3-bd2f-f9d52fa1ba41,2025-03-19 13:04:21.523992
300,Question 4,7,7fc22d12-3252-47b3-bd2f-f9d52fa1ba41,2025-04-10 13:04:21.523996
301,Question 5,4,7fc22d12-3252-47b3-bd2f-f9d52fa1ba41,2025-03-14 13:04:21.524001
302,Question 6,3,7fc22d12-3252-47b3-bd2f-f9d52fa1ba41,2025-03-17 13:04:21.524005
303,Question 7,1,7fc22d12-3252-47b3-bd2f-f9d52fa1ba41,2025-04-12 13:04:21.524009
304,Question 8,8,7fc22d12-3252-47b3-bd2f-f9d52fa1ba41,2025-04-12 13:04:21.524013
305,Question 1,6,b43fdd08-9aa7-49e9-91cd-b0adae089049,2025-04-08 13:04:21.524019
306,Question 2,2,b43fdd08-9aa7-49e9-91cd-b0adae089049,2025-03-17 13:04:21.524024
307,Question 3,9,b43fdd08-9aa7-49e9-91cd-b0adae089049,2025-04-06 13:04:21.524028
308,Question 4,9,b43fdd08-9aa7-49e9-91cd-b0adae089049,2025-03-16 13:04:21.524033
309,Question 5,3,b43fdd08-9aa7-49e9-91cd-b0adae089049,2025-04-11 13:04:21.524037
310,Question 6,9,b43fdd08-9aa7-49e9-91cd-b0adae089049,2025-03-25 13:04:21.524044
311,Question 7,5,b43fdd08-9aa7-49e9-91cd-b0adae089049,2025-03-21 13:04:21.524048
312,Question 8,5,b43fdd08-9aa7-49e9-91cd-b0adae089049,2025-03-16 13:04:21.524053
313,Question 1,5,21b0029f-5e25-4a26-94a1-17a01a74264f,2025-04-05 13:04:21.524058
314,Question 2,5,21b0029f-5e25-4a26-94a1-17a01a74264f,2025-04-02 13:04:21.524061
315,Question 3,6,21b0029f-5e25-4a26-94a1-17a01a74264f,2025-03-25 13:04:21.524066
316,Question 4,4,21b0029f-5e25-4a26-94a1-17a01a74264f,2025-04-06 13:04:21.524070
317,Question 5,3,21b0029f-5e25-4a26-94a1-17a01a74264f,2025-04-04 13:04:21.524075
318,Question 6,4,21b0029f-5e25-4a26-94a1-17a01a74264f,2025-04-11 13:04:21.524079
319,Question 7,5,21b0029f-5e25-4a26-94a1-17a01a74264f,2025-03-27 13:04:21.524084
320,Question 8,4,21b0029f-5e25-4a26-94a1-17a01a74264f,2025-03-30 13:04:21.524088
321,Question 1,3,a5b9e994-85c5-414d-acd7-b7b65f4d3f5b,2025-04-03 13:04:21.524093
322,Question 2,9,a5b9e994-85c5-414d-acd7-b7b65f4d3f5b,2025-04-05 13:04:21.524097
323,Question 3,4,a5b9e994-85c5-414d-acd7-b7b65f4d3f5b,2025-04-02 13:04:21.524100
324,Question 4,7,a5b9e994-85c5-414d-acd7-b7b65f4d3f5b,2025-03-23 13:04:21.524104
325,Question 5,9,a5b9e994-85c5-414d-acd7-b7b65f4d3f5b,2025-04-05 13:04:21.524109
326,Question 6,9,a5b9e994-85c5-414d-acd7-b7b65f4d3f5b,2025-03-22 13:04:21.524113
327,Question 7,5,a5b9e994-85c5-414d-acd7-b7b65f4d3f5b,2025-04-05 13:04:21.524117
328,Question 8,9,a5b9e994-85c5-414d-acd7-b7b65f4d3f5b,2025-03-22 13:04:21.524123
329,Question 1,6,0cbe5f77-9254-487f-ad26-0d0169d44a77,2025-04-11 13:04:21.524128
330,Question 2,4,0cbe5f77-9254-487f-ad26-0d0169d44a77,2025-04-04 13:04:21.524132
331,Question 3,7,0cbe5f77-9254-487f-ad26-0d0169d44a77,2025-04-06 13:04:21.524137
332,Question 4,1,0cbe5f77-9254-487f-ad26-0d0169d44a77,2025-03-29 13:04:21.524141
333,Question 5,4,0cbe5f77-9254-487f-ad26-0d0169d44a77,2025-03-25 13:04:21.524146
334,Question 6,3,0cbe5f77-9254-487f-ad26-0d0169d44a77,2025-03-17 13:04:21.524150
335,Question 7,2,0cbe5f77-9254-487f-ad26-0d0169d44a77,2025-03-31 13:04:21.524154
336,Question 8,5,0cbe5f77-9254-487f-ad26-0d0169d44a77,2025-03-23 13:04:21.524159
337,Question 1,3,7515b58a-22e5-4401-aae8-9aff04c613d1,2025-03-14 13:04:21.524163
338,Question 2,3,7515b58a-22e5-4401-aae8-9aff04c613d1,2025-03-19 13:04:21.524167
339,Question 3,3,7515b58a-22e5-4401-aae8-9aff04c613d1,2025-03-27 13:04:21.524171
340,Question 4,7,7515b58a-22e5-4401-aae8-9aff04c613d1,2025-03-28 13:04:21.524175
341,Question 5,7,7515b58a-22e5-4401-aae8-9aff04c613d1,2025-03-17 13:04:21.524179
342,Question 6,3,7515b58a-22e5-4401-aae8-9aff04c613d1,2025-04-04 13:04:21.524182
343,Question 7,7,7515b58a-22e5-4401-aae8-9aff04c613d1,2025-03-26 13:04:21.524185
344,Question 8,5,7515b58a-22e5-4401-aae8-9aff04c613d1,2025-03-14 13:04:21.524187
345,Question 1,2,9f60ea04-c6da-4d88-90da-c78aff196931,2025-04-03 13:04:21.524191
346,Question 2,6,9f60ea04-c6da-4d88-90da-c78aff196931,2025-03-31 13:04:21.524193
347,Question 3,7,9f60ea04-c6da-4d88-90da-c78aff196931,2025-03-15 13:04:21.524196
348,Question 4,2,9f60ea04-c6da-4d88-90da-c78aff196931,2025-04-01 13:04:21.524198
349,Question 5,7,9f60ea04-c6da-4d88-90da-c78aff196931,2025-04-04 13:04:21.524200
350,Question 6,8,9f60ea04-c6da-4d88-90da-c78aff196931,2025-04-07 13:04:21.524202
351,Question 7,7,9f60ea04-c6da-4d88-90da-c78aff196931,2025-04-01 13:04:21.524204
352,Question 8,9,9f60ea04-c6da-4d88-90da-c78aff196931,2025-04-02 13:04:21.524207
353,Question 1,5,191279ad-ed42-4233-84d5-7313b24d0b46,2025-04-03 13:04:21.524209
354,Question 2,1,191279ad-ed42-4233-84d5-7313b24d0b46,2025-04-05 13:04:21.524215
355,Question 3,6,191279ad-ed42-4233-84d5-7313b24d0b46,2025-03-22 13:04:21.524218
356,Question 4,9,191279ad-ed42-4233-84d5-7313b24d0b46,2025-03-29 13:04:21.524220
357,Question 5,3,191279ad-ed42-4233-84d5-7313b24d0b46,2025-03-24 13:04:21.524223
358,Question 6,5,191279ad-ed42-4233-84d5-7313b24d0b46,2025-03-25 13:04:21.524225
359,Question 7,6,191279ad-ed42-4233-84d5-7313b24d0b46,2025-04-08 13:04:21.524228
360,Question 8,1,191279ad-ed42-4233-84d5-7313b24d0b46,2025-04-05 13:04:21.524231
361,Question 1,3,bfaef5e8-2dc9-4384-bb74-4590250324fa,2025-03-26 13:04:21.524234
362,Question 2,1,bfaef5e8-2dc9-4384-bb74-4590250324fa,2025-03-29 13:04:21.524236
363,Question 3,6,bfaef5e8-2dc9-4384-bb74-4590250324fa,2025-04-05 13:04:21.524238
364,Question 4,7,bfaef5e8-2dc9-4384-bb74-4590250324fa,2025-04-04 13:04:21.524240
365,Question 5,9,bfaef5e8-2dc9-4384-bb74-4590250324fa,2025-04-11 13:04:21.524243
366,Question 6,3,bfaef5e8-2dc9-4384-bb74-4590250324fa,2025-03-30 13:04:21.524245
367,Question 7,5,bfaef5e8-2dc9-4384-bb74-4590250324fa,2025-03-30 13:04:21.524247
368,Question 8,9,bfaef5e8-2dc9-4384-bb74-4590250324fa,2025-03-20 13:04:21.524250
369,Question 1,8,6e53b6bd-9a89-46da-adf3-7a235999fdd6,2025-04-12 13:04:21.524254
370,Question 2,2,6e53b6bd-9a89-46da-adf3-7a235999fdd6,2025-04-04 13:04:21.524258
371,Question 3,5,6e53b6bd-9a89-46da-adf3-7a235999fdd6,2025-03-30 13:04:21.524262
372,Question 4,8,6e53b6bd-9a89-46da-adf3-7a235999fdd6,2025-04-02 13:04:21.524266
373,Question 5,5,6e53b6bd-9a89-46da-adf3-7a235999fdd6,2025-03-26 13:04:21.524270
374,Question 6,1,6e53b6bd-9a89-46da-adf3-7a235999fdd6,2025-03-23 13:04:21.524274
375,Question 7,4,6e53b6bd-9a89-46da-adf3-7a235999fdd6,2025-03-23 13:04:21.524277
376,Question 8,5,6e53b6bd-9a89-46da-adf3-7a235999fdd6,2025-03-26 13:04:21.524281
377,Question 1,6,3e609bfe-10d6-4883-8c6e-f34fd25780f6,2025-04-06 13:04:21.524285
378,Question 2,6,3e609bfe-10d6-4883-8c6e-f34fd25780f6,2025-04-09 13:04:21.524289
379,Question 3,7,3e609bfe-10d6-4883-8c6e-f34fd25780f6,2025-04-03 13:04:21.524293
380,Question 4,7,3e609bfe-10d6-4883-8c6e-f34fd25780f6,2025-04-08 13:04:21.524296
381,Question 5,1,3e609bfe-10d6-4883-8c6e-f34fd25780f6,2025-03-14 13:04:21.524301
382,Question 6,4,3e609bfe-10d6-4883-8c6e-f34fd25780f6,2025-04-09 13:04:21.524305
383,Question 7,3,3e609bfe-10d6-4883-8c6e-f34fd25780f6,2025-03-30 13:04:21.524307
384,Question 8,8,3e609bfe-10d6-4883-8c6e-f34fd25780f6,2025-03-15 13:04:21.524310
385,Question 1,9,149400ee-ddc3-4f37-ae04-3931adc8433a,2025-03-23 13:04:21.524312
386,Question 2,4,149400ee-ddc3-4f37-ae04-3931adc8433a,2025-03-22 13:04:21.524315
387,Question 3,9,149400ee-ddc3-4f37-ae04-3931adc8433a,2025-03-14 13:04:21.524317
388,Question 4,2,149400ee-ddc3-4f37-ae04-3931adc8433a,2025-04-11 13:04:21.524320
389,Question 5,3,149400ee-ddc3-4f37-ae04-3931adc8433a,2025-04-01 13:04:21.524322
390,Question 6,6,149400ee-ddc3-4f37-ae04-3931adc8433a,2025-03-27 13:04:21.524325
391,Question 7,7,149400ee-ddc3-4f37-ae04-3931adc8433a,2025-04-05 13:04:21.524327
392,Question 8,4,149400ee-ddc3-4f37-ae04-3931adc8433a,2025-03-19 13:04:21.524331
393,Question 1,9,06954e91-7762-4e1a-b586-e7db6be5c7ca,2025-03-17 13:04:21.524335
394,Question 2,2,06954e91-7762-4e1a-b586-e7db6be5c7ca,2025-04-08 13:04:21.524337
395,Question 3,1,06954e91-7762-4e1a-b586-e7db6be5c7ca,2025-03-22 13:04:21.524339
396,Question 4,1,06954e91-7762-4e1a-b586-e7db6be5c7ca,2025-04-12 13:04:21.524341
397,Question 5,3,06954e91-7762-4e1a-b586-e7db6be5c7ca,2025-03-27 13:04:21.524344
398,Question 6,6,06954e91-7762-4e1a-b586-e7db6be5c7ca,2025-03-23 13:04:21.524346
399,Question 7,1,06954e91-7762-4e1a-b586-e7db6be5c7ca,2025-04-12 13:04:21.524348
400,Question 8,1,06954e91-7762-4e1a-b586-e7db6be5c7ca,2025-03-24 13:04:21.524350
