id,createdAt
d63adc8d-a5f7-47f9-8817-553fdc1e6a45,2025-03-20 13:04:21.526800
50c9e49a-7aff-4bb2-a4af-c5189e418b4f,2025-04-06 13:04:21.526808
379bdf8f-846d-4bc8-9a6f-edf47957a4b5,2025-04-06 13:04:21.526811
8992c1e3-dcdd-4a27-88d0-7a919114d2b1,2025-04-11 13:04:21.526814
a1687a97-6b51-48c7-8aee-d3a23131ae8c,2025-03-18 13:04:21.526817
e650adfe-b9d7-4466-b12d-f0ca68a9d0cf,2025-03-14 13:04:21.526820
0986090b-d361-46d4-b174-e7f7dee2c1f6,2025-04-09 13:04:21.526823
992a439e-375c-471f-a02c-f1bba3b2a7e9,2025-03-27 13:04:21.526827
5c01113a-83fa-45ec-a16c-4b526c783a4f,2025-03-16 13:04:21.526832
c345e635-b61a-4a5d-bcff-af6c161c0c31,2025-03-30 13:04:21.526835
adde4466-69fe-49e0-a3b7-71bc8dbc950f,2025-03-18 13:04:21.526838
a55ed360-789f-4f6c-ba15-b6a0650f2252,2025-04-09 13:04:21.526841
c5a3950a-6e42-49ca-9567-8d5f4a52ad71,2025-04-09 13:04:21.526844
34845851-ccf6-4f30-b385-0c491658be96,2025-03-18 13:04:21.526847
7325de34-f023-4d9f-95b4-f7e30ab1cd8c,2025-04-07 13:04:21.526850
6706497e-ea02-48e3-83dc-8a60b8dca147,2025-03-14 13:04:21.526853
715775cd-1f5a-42e8-973a-61080e2a0f69,2025-03-27 13:04:21.526856
059f1529-669b-4f38-adf4-8675a3bfb6d8,2025-04-07 13:04:21.526859
3d6d86d1-b463-47ee-8851-6cf6ae142e2c,2025-03-22 13:04:21.526863
4561cc6e-d210-4d7a-a1ad-5d5c30dc3cf2,2025-04-05 13:04:21.526866
7d6f4f87-c9a0-4972-acd6-8b6bfe6c9d25,2025-03-18 13:04:21.526869
c4811ec4-32f0-43d5-9ece-4d73bbad0201,2025-04-11 13:04:21.526872
46d15ade-7dbc-4d2f-b5b4-0ec7eeffa133,2025-03-14 13:04:21.526875
2cd22cc8-a74f-4818-86d3-cb5fd1e41e36,2025-04-07 13:04:21.526878
0ad458c9-f193-4a40-af8d-45110337305f,2025-04-02 13:04:21.526881
12843cc4-7dbf-41c4-bd3c-730e0f7a0e52,2025-03-27 13:04:21.526884
7096156b-4bf3-4a13-9e85-56475d4ae710,2025-03-25 13:04:21.526887
18db74dd-8542-4307-881d-a7daabb99b2a,2025-03-27 13:04:21.526890
d1561e4b-1cd1-4244-9a18-b2fb0e3058d7,2025-03-24 13:04:21.526893
3d33a167-ce94-455f-a085-67471bb83e48,2025-03-17 13:04:21.526897
867c66c5-6772-4c31-bec3-2e7769a5eac3,2025-03-27 13:04:21.526900
251c72e0-4532-4534-9452-95754a20e089,2025-04-01 13:04:21.526904
6981082a-d8a3-49b4-a2da-64003b7c683f,2025-04-05 13:04:21.526907
1d6168aa-a8d6-47d3-94cb-3c7ca3b9282e,2025-03-17 13:04:21.526910
01b7b7f3-8a20-4563-a680-f802135c1e78,2025-03-27 13:04:21.526912
8323b963-4c5b-4e2c-8a73-36404a98b47b,2025-03-31 13:04:21.526915
f0b83ce8-2a6d-4006-8548-cbf28d850713,2025-03-22 13:04:21.526921
7fc22d12-3252-47b3-bd2f-f9d52fa1ba41,2025-03-14 13:04:21.526924
b43fdd08-9aa7-49e9-91cd-b0adae089049,2025-04-02 13:04:21.526927
21b0029f-5e25-4a26-94a1-17a01a74264f,2025-03-27 13:04:21.526930
a5b9e994-85c5-414d-acd7-b7b65f4d3f5b,2025-04-08 13:04:21.526933
0cbe5f77-9254-487f-ad26-0d0169d44a77,2025-03-29 13:04:21.526937
7515b58a-22e5-4401-aae8-9aff04c613d1,2025-03-29 13:04:21.526940
9f60ea04-c6da-4d88-90da-c78aff196931,2025-03-19 13:04:21.526943
191279ad-ed42-4233-84d5-7313b24d0b46,2025-03-29 13:04:21.526946
bfaef5e8-2dc9-4384-bb74-4590250324fa,2025-04-06 13:04:21.526949
6e53b6bd-9a89-46da-adf3-7a235999fdd6,2025-03-30 13:04:21.526952
3e609bfe-10d6-4883-8c6e-f34fd25780f6,2025-03-16 13:04:21.526954
149400ee-ddc3-4f37-ae04-3931adc8433a,2025-04-11 13:04:21.526958
06954e91-7762-4e1a-b586-e7db6be5c7ca,2025-04-01 13:04:21.526960
